Metric,Value
Accuracy,0.9999897840826578
Precision,0.9945388349514563
Recall,0.9975654290931223
F1 Score,0.9960498328775448
ROC AUC,0.9993686086179459
Average Precision,0.9985700049012544
